className,technology,politics,"life and style",environment,"world news"
technology,1,0.74316191070399,0.78421502948197,0.82453022480302,0.7665561526766
politics,0.74316191070399,1,0.65055085301051,0.75186765950849,0.77595969892561
"life and style",0.78421502948197,0.65055085301051,1,0.800430413265,0.65982078334673
environment,0.82453022480302,0.75186765950849,0.800430413265,1,0.76037367624227
"world news",0.7665561526766,0.77595969892561,0.65982078334673,0.76037367624227,1
